what,kind,bundleId,bundleVersion,description,time
started,bundle,org.eclipse.compare.core,3.5.101.R36x_v20100929-0800,"org.eclipse.compare.core",1369388084975
started,bundle,org.eclipse.core.resources,3.6.1.R36x_v20110131-1630,"org.eclipse.core.resources",1369388084975
started,bundle,org.eclipse.epp.usagedata.gathering,1.3.1.R201102081640,"org.eclipse.epp.usagedata.gathering",1369388084975
started,bundle,org.eclipse.epp.usagedata.recording,1.3.1.R201102081640,"org.eclipse.epp.usagedata.recording",1369388084976
started,bundle,org.eclipse.equinox.p2.core,2.0.3.R36x_v20110111,"org.eclipse.equinox.p2.core",1369388084976
started,bundle,org.eclipse.equinox.p2.directorywatcher,1.0.203.R36x_v20101220,"org.eclipse.equinox.p2.directorywatcher",1369388084978
started,bundle,org.eclipse.equinox.p2.engine,2.0.1.R36x_v20110201,"org.eclipse.equinox.p2.engine",1369388084979
started,bundle,org.eclipse.equinox.p2.metadata,2.0.1.R36x_v20101202,"org.eclipse.equinox.p2.metadata",1369388084979
started,bundle,org.eclipse.equinox.p2.reconciler.dropins,1.1.2.R36x_v20110114,"org.eclipse.equinox.p2.reconciler.dropins",1369388084980
started,bundle,org.eclipse.equinox.p2.repository,2.0.2.R36x_v20110111-1500,"org.eclipse.equinox.p2.repository",1369388084980
started,bundle,org.eclipse.jface,3.6.2.M20110210-1200,"org.eclipse.jface",1369388084980
started,bundle,org.eclipse.ltk.core.refactoring,3.5.101.r362_v20101117-0800,"org.eclipse.ltk.core.refactoring",1369388084981
started,bundle,org.eclipse.mylyn.bugzilla.ui,3.4.3.v20110131-0100-e3x,"org.eclipse.mylyn.bugzilla.ui",1369388084982
started,bundle,org.eclipse.mylyn.context.ui,3.4.2.v20110131-0100-e3x,"org.eclipse.mylyn.context.ui",1369388084982
started,bundle,org.eclipse.mylyn.monitor.ui,3.4.1.v20110131-0100-e3x,"org.eclipse.mylyn.monitor.ui",1369388084982
started,bundle,org.eclipse.mylyn.tasks.ui,3.4.3.v20110131-0100-e3x,"org.eclipse.mylyn.tasks.ui",1369388084983
started,bundle,org.eclipse.mylyn.team.ui,3.4.3.v20110131-0100-e3x,"org.eclipse.mylyn.team.ui",1369388084983
started,bundle,org.eclipse.team.core,3.5.101.R36x_v20110203-1036,"org.eclipse.team.core",1369388084984
started,bundle,org.eclipse.team.cvs.core,3.3.301.R36x_v20110119-0815,"org.eclipse.team.cvs.core",1369388084998
started,bundle,org.eclipse.team.cvs.ui,3.3.302.R36x_v20110203-1036,"org.eclipse.team.cvs.ui",1369388084998
started,bundle,org.eclipse.team.ui,3.5.102.R36x_v20110203-1036,"org.eclipse.team.ui",1369388084999
started,bundle,org.eclipse.ui,3.6.2.M20110203-1100,"org.eclipse.ui",1369388085000
started,bundle,org.eclipse.ui.ide,3.6.2.M20101201-0800,"org.eclipse.ui.ide",1369388085001
started,bundle,org.eclipse.ui.navigator.resources,3.4.202.M20101124-0800,"org.eclipse.ui.navigator.resources",1369388085001
started,bundle,org.eclipse.ui.views,3.5.1.M20110202-0800,"org.eclipse.ui.views",1369388085002
started,bundle,org.eclipse.ui.workbench,3.6.2.M20110210-1200,"org.eclipse.ui.workbench",1369388085002
os,sysinfo,,,"linux",1369388085006
arch,sysinfo,,,"x86",1369388085006
ws,sysinfo,,,"gtk",1369388085006
locale,sysinfo,,,"en_US",1369388085006
processors,sysinfo,,,"2",1369388085007
java.runtime.name,sysinfo,,,"OpenJDK Runtime Environment",1369388085007
java.runtime.version,sysinfo,,,"1.6.0_27-b27",1369388085007
java.specification.name,sysinfo,,,"Java Platform API Specification",1369388085007
java.specification.vendor,sysinfo,,,"Sun Microsystems Inc.",1369388085007
java.specification.version,sysinfo,,,"1.6",1369388085007
java.vendor,sysinfo,,,"Sun Microsystems Inc.",1369388085007
java.version,sysinfo,,,"1.6.0_27",1369388085007
java.vm.info,sysinfo,,,"mixed mode, sharing",1369388085007
java.vm.name,sysinfo,,,"OpenJDK Client VM",1369388085007
java.vm.specification.name,sysinfo,,,"Java Virtual Machine Specification",1369388085007
java.vm.specification.vendor,sysinfo,,,"Sun Microsystems Inc.",1369388085007
java.vm.specification.version,sysinfo,,,"1.0",1369388085007
java.vm.vendor,sysinfo,,,"Sun Microsystems Inc.",1369388085007
java.vm.version,sysinfo,,,"20.0-b12",1369388085007
activated,view,org.eclipse.team.ui,3.5.102.R36x_v20110203-1036,"org.eclipse.team.sync.views.SynchronizeView",1369388085807
activated,editor,org.eclipse.ui.editors,3.6.1.r361_v20100825-0800,"org.eclipse.ui.DefaultTextEditor",1369388085821
closed,view,org.eclipse.team.ui,3.5.102.R36x_v20110203-1036,"org.eclipse.team.sync.views.SynchronizeView",1369388085837
started,bundle,org.eclipse.search,3.6.0.v20100520-0800,"org.eclipse.search",1369388088593
opened,editor,org.eclipse.cdt.ui,5.2.2.201102110609,"org.eclipse.cdt.ui.editor.CEditor",1369388088828
started,bundle,org.eclipse.ltk.ui.refactoring,3.5.0.v20100526-0800,"org.eclipse.ltk.ui.refactoring",1369388088865
activated,editor,org.eclipse.cdt.ui,5.2.2.201102110609,"org.eclipse.cdt.ui.editor.CEditor",1369388088916
closed,editor,org.eclipse.ui.editors,3.6.1.r361_v20100825-0800,"org.eclipse.ui.DefaultTextEditor",1369388088917
activated,view,org.eclipse.ui.navigator.resources,3.4.202.M20101124-0800,"org.eclipse.ui.navigator.ProjectExplorer",1369388092187
opened,editor,org.eclipse.cdt.ui,5.2.2.201102110609,"org.eclipse.cdt.ui.editor.CEditor",1369388100251
activated,editor,org.eclipse.cdt.ui,5.2.2.201102110609,"org.eclipse.cdt.ui.editor.CEditor",1369388100282
activated,view,org.eclipse.ui.navigator.resources,3.4.202.M20101124-0800,"org.eclipse.ui.navigator.ProjectExplorer",1369388100289
activated,editor,org.eclipse.cdt.ui,5.2.2.201102110609,"org.eclipse.cdt.ui.editor.CEditor",1369388102536
executed,command,org.eclipse.ui,3.6.2.M20110203-1100,"org.eclipse.ui.file.saveAll",1369388107888
deactivated,workbench,org.eclipse.ui.workbench,3.6.2.M20110210-1200,"",1369388125051
executed,command,org.eclipse.ui.ide,3.6.2.M20101201-0800,"org.eclipse.ui.project.cleanAction",1369388126264
activated,workbench,org.eclipse.ui.workbench,3.6.2.M20110210-1200,"",1369388126284
opened,view,org.eclipse.ui.console,3.5.0.v20100526,"org.eclipse.ui.console.ConsoleView",1369388126623
deactivated,workbench,org.eclipse.ui.workbench,3.6.2.M20110210-1200,"",1369388126726
activated,workbench,org.eclipse.ui.workbench,3.6.2.M20110210-1200,"",1369388128788
activated,view,org.eclipse.ui.navigator.resources,3.4.202.M20101124-0800,"org.eclipse.ui.navigator.ProjectExplorer",1369388128903
started,bundle,org.eclipse.mylyn.wikitext.ui,1.3.0.v20100608-0100-e3x,"org.eclipse.mylyn.wikitext.ui",1369388135887
started,bundle,org.eclipse.cdt.managedbuilder.gnu.ui,7.0.0.201102110609,"org.eclipse.cdt.managedbuilder.gnu.ui",1369388136376
deactivated,workbench,org.eclipse.ui.workbench,3.6.2.M20110210-1200,"",1369388136733
started,bundle,org.eclipse.mylyn.wikitext.core,1.3.1.v20100823-0100-e3x,"org.eclipse.mylyn.wikitext.core",1369388151071
activated,workbench,org.eclipse.ui.workbench,3.6.2.M20110210-1200,"",1369388153174
deactivated,workbench,org.eclipse.ui.workbench,3.6.2.M20110210-1200,"",1369388155149
activated,workbench,org.eclipse.ui.workbench,3.6.2.M20110210-1200,"",1369388174382
opened,view,org.eclipse.ui.ide,3.6.2.M20101201-0800,"org.eclipse.ui.views.ProblemView",1369388174665
activated,view,org.eclipse.ui.ide,3.6.2.M20101201-0800,"org.eclipse.ui.views.ProblemView",1369388174681
activated,view,org.eclipse.ui.navigator.resources,3.4.202.M20101124-0800,"org.eclipse.ui.navigator.ProjectExplorer",1369388176347
deactivated,workbench,org.eclipse.ui.workbench,3.6.2.M20110210-1200,"",1369388177102
activated,workbench,org.eclipse.ui.workbench,3.6.2.M20110210-1200,"",1369388526643
opened,editor,org.eclipse.ui.editors,3.6.1.r361_v20100825-0800,"org.eclipse.ui.DefaultTextEditor",1369388533478
activated,editor,org.eclipse.ui.editors,3.6.1.r361_v20100825-0800,"org.eclipse.ui.DefaultTextEditor",1369388533515
activated,view,org.eclipse.ui.navigator.resources,3.4.202.M20101124-0800,"org.eclipse.ui.navigator.ProjectExplorer",1369388533529
activated,editor,org.eclipse.ui.editors,3.6.1.r361_v20100825-0800,"org.eclipse.ui.DefaultTextEditor",1369388536968
activated,view,org.eclipse.ui.navigator.resources,3.4.202.M20101124-0800,"org.eclipse.ui.navigator.ProjectExplorer",1369389079694
deactivated,workbench,org.eclipse.ui.workbench,3.6.2.M20110210-1200,"",1369389234521
started,bundle,org.eclipse.cdt.mylyn.ui,1.1.4.v20110204-0100-e3x,"org.eclipse.cdt.mylyn.ui",1369389238104
closed,workbench,org.eclipse.ui.workbench,3.6.2.M20110210-1200,"",1369389238479
stopped,bundle,org.eclipse.epp.mpc.ui,1.0.1.v20100826-2143,"org.eclipse.epp.mpc.ui",1369389238877
stopped,bundle,org.eclipse.equinox.p2.ui.sdk,1.0.100.v20100513,"org.eclipse.equinox.p2.ui.sdk",1369389238879
stopped,bundle,org.eclipse.equinox.p2.ui.sdk.scheduler,1.0.0.v20100507-1815,"org.eclipse.equinox.p2.ui.sdk.scheduler",1369389238879
stopped,bundle,org.eclipse.equinox.p2.ui,2.0.0.v20100518,"org.eclipse.equinox.p2.ui",1369389238880
stopped,bundle,org.eclipse.equinox.security.ui,1.0.200.v20100503,"org.eclipse.equinox.security.ui",1369389238880
stopped,bundle,org.eclipse.jsch.ui,1.1.300.I20100505-1245,"org.eclipse.jsch.ui",1369389238880
stopped,bundle,org.eclipse.cdt.debug.ui.memory.search,1.2.0.201102110609,"org.eclipse.cdt.debug.ui.memory.search",1369389238881
stopped,bundle,org.eclipse.cdt.debug.ui.memory.traditional,1.2.0.201102110609,"org.eclipse.cdt.debug.ui.memory.traditional",1369389238881
stopped,bundle,org.eclipse.cdt.debug.mi.ui,6.1.0.201102110609,"org.eclipse.cdt.debug.mi.ui",1369389238882
stopped,bundle,org.eclipse.cdt.debug.ui.memory.memorybrowser,1.2.1.201102110609,"org.eclipse.cdt.debug.ui.memory.memorybrowser",1369389238882
stopped,bundle,org.eclipse.cdt.dsf.gdb.ui,2.1.0.201102110609,"org.eclipse.cdt.dsf.gdb.ui",1369389238882
stopped,bundle,org.eclipse.cdt.dsf.ui,2.1.2.201102110609,"org.eclipse.cdt.dsf.ui",1369389238883
stopped,bundle,org.eclipse.cdt.gdb.ui,7.0.0.201102110609,"org.eclipse.cdt.gdb.ui",1369389238883
stopped,bundle,org.eclipse.cdt.dsf.gdb,3.0.0.201102110609,"org.eclipse.cdt.dsf.gdb",1369389238889
stopped,bundle,org.eclipse.cdt.launch,6.1.0.201102110609,"org.eclipse.cdt.launch",1369389238890
stopped,bundle,org.eclipse.cdt.debug.ui,7.0.0.201102110609,"org.eclipse.cdt.debug.ui",1369389238890
stopped,bundle,org.eclipse.cdt.managedbuilder.ui,7.0.0.201102110609,"org.eclipse.cdt.managedbuilder.ui",1369389238892
stopped,bundle,org.eclipse.cdt.make.ui,7.0.0.201102110609,"org.eclipse.cdt.make.ui",1369389238892
stopped,bundle,org.eclipse.cdt.mylyn.ui,1.1.4.v20110204-0100-e3x,"org.eclipse.cdt.mylyn.ui",1369389238892
stopped,bundle,org.eclipse.cdt.ui,5.2.2.201102110609,"org.eclipse.cdt.ui",1369389238892
stopped,bundle,org.eclipse.search,3.6.0.v20100520-0800,"org.eclipse.search",1369389238895
stopped,bundle,org.eclipse.mylyn.team.ui,3.4.3.v20110131-0100-e3x,"org.eclipse.mylyn.team.ui",1369389238896
stopped,bundle,org.eclipse.ui.navigator.resources,3.4.202.M20101124-0800,"org.eclipse.ui.navigator.resources",1369389238896
stopped,bundle,org.eclipse.ltk.ui.refactoring,3.5.0.v20100526-0800,"org.eclipse.ltk.ui.refactoring",1369389238896
stopped,bundle,org.eclipse.mylyn.ide.ui,3.4.0.v20100608-0100-e3x,"org.eclipse.mylyn.ide.ui",1369389238897
stopped,bundle,org.eclipse.mylyn.resources.ui,3.4.1.v20100909-0100-e3x,"org.eclipse.mylyn.resources.ui",1369389238897
stopped,bundle,org.eclipse.mylyn.tasks.bugs,3.4.1.v20100823-0100-e3x,"org.eclipse.mylyn.tasks.bugs",1369389238899
stopped,bundle,org.eclipse.mylyn.bugzilla.ui,3.4.3.v20110131-0100-e3x,"org.eclipse.mylyn.bugzilla.ui",1369389238899
stopped,bundle,org.eclipse.mylyn.wikitext.tasks.ui,1.3.1.v20100823-0100-e3x,"org.eclipse.mylyn.wikitext.tasks.ui",1369389238902
stopped,bundle,org.eclipse.mylyn.context.ui,3.4.2.v20110131-0100-e3x,"org.eclipse.mylyn.context.ui",1369389238902
stopped,bundle,org.eclipse.mylyn.help.ui,3.4.2.v20110131-0100-e3x,"org.eclipse.mylyn.help.ui",1369389238905
stopped,bundle,org.eclipse.mylyn.tasks.ui,3.4.3.v20110131-0100-e3x,"org.eclipse.mylyn.tasks.ui",1369389238905
stopped,bundle,org.eclipse.mylyn.commons.ui,3.4.0.v20100608-0100-e3x,"org.eclipse.mylyn.commons.ui",1369389238905
stopped,bundle,org.eclipse.mylyn.wikitext.ui,1.3.0.v20100608-0100-e3x,"org.eclipse.mylyn.wikitext.ui",1369389238905
stopped,bundle,org.eclipse.cdt,7.0.2.201102110609,"org.eclipse.cdt",1369389238906
stopped,bundle,org.eclipse.cdt.doc.user,5.1.0.201102110609,"org.eclipse.cdt.doc.user",1369389238911
stopped,bundle,org.eclipse.ui.cheatsheets,3.4.0.v20100427,"org.eclipse.ui.cheatsheets",1369389238911
stopped,bundle,org.eclipse.ui.externaltools,3.2.0.v20100427,"org.eclipse.ui.externaltools",1369389238915
activated,perspective,org.eclipse.team.ui,,"org.eclipse.team.ui.TeamSynchronizingPerspective",1369389820167
started,bundle,org.eclipse.osgi,3.6.2.R36x_v20110210,"org.eclipse.osgi",1369389820178
started,bundle,org.eclipse.equinox.simpleconfigurator,1.0.200.v20100503,"org.eclipse.equinox.simpleconfigurator",1369389820178
started,bundle,com.ibm.icu,4.2.1.v20100412,"com.ibm.icu",1369389820179
started,bundle,org.eclipse.core.contenttype,3.4.100.v20100505-1235,"org.eclipse.core.contenttype",1369389820180
started,bundle,org.eclipse.core.databinding.observable,1.3.0.I20100601-0800,"org.eclipse.core.databinding.observable",1369389820180
started,bundle,org.eclipse.core.expressions,3.4.200.v20100505,"org.eclipse.core.expressions",1369389820181
started,bundle,org.eclipse.core.filebuffers,3.5.100.v20100520-0800,"org.eclipse.core.filebuffers",1369389820181
started,bundle,org.eclipse.core.filesystem,1.3.1.R36x_v20100727-0745,"org.eclipse.core.filesystem",1369389820181
started,bundle,org.eclipse.core.jobs,3.5.1.R36x_v20100824,"org.eclipse.core.jobs",1369389820181
started,bundle,org.eclipse.core.net,1.2.100.I20100511-0800,"org.eclipse.core.net",1369389820181
started,bundle,org.eclipse.core.runtime,3.6.0.v20100505,"org.eclipse.core.runtime",1369389820182
started,bundle,org.eclipse.core.runtime.compatibility,3.2.100.v20100505,"org.eclipse.core.runtime.compatibility",1369389820182
started,bundle,org.eclipse.core.runtime.compatibility.auth,3.2.200.v20100517,"org.eclipse.core.runtime.compatibility.auth",1369389820182
started,bundle,org.eclipse.core.variables,3.2.400.v20100505,"org.eclipse.core.variables",1369389820183
started,bundle,org.eclipse.debug.core,3.6.0.v20100519,"org.eclipse.debug.core",1369389820189
started,bundle,org.eclipse.equinox.app,1.3.1.R36x_v20100803,"org.eclipse.equinox.app",1369389820189
started,bundle,org.eclipse.equinox.common,3.6.0.v20100503,"org.eclipse.equinox.common",1369389820190
started,bundle,org.eclipse.equinox.ds,1.2.1.R36x_v20100803,"org.eclipse.equinox.ds",1369389820190
started,bundle,org.eclipse.equinox.event,1.2.0.v20100503,"org.eclipse.equinox.event",1369389820191
started,bundle,org.eclipse.equinox.p2.metadata.repository,1.1.0.v20100513,"org.eclipse.equinox.p2.metadata.repository",1369389820191
started,bundle,org.eclipse.equinox.p2.operations,2.0.0.v20100510,"org.eclipse.equinox.p2.operations",1369389820191
started,bundle,org.eclipse.equinox.p2.ui.sdk.scheduler,1.0.0.v20100507-1815,"org.eclipse.equinox.p2.ui.sdk.scheduler",1369389820192
started,bundle,org.eclipse.equinox.p2.updatechecker,1.1.101.R36x_v20100823,"org.eclipse.equinox.p2.updatechecker",1369389820192
started,bundle,org.eclipse.equinox.preferences,3.3.0.v20100503,"org.eclipse.equinox.preferences",1369389820192
started,bundle,org.eclipse.equinox.registry,3.5.0.v20100503,"org.eclipse.equinox.registry",1369389820193
started,bundle,org.eclipse.equinox.security,1.0.200.v20100503,"org.eclipse.equinox.security",1369389820193
started,bundle,org.eclipse.equinox.util,1.0.200.v20100503,"org.eclipse.equinox.util",1369389820193
started,bundle,org.eclipse.help,3.5.0.v20100524,"org.eclipse.help",1369389820194
started,bundle,org.eclipse.jsch.core,1.1.200.I20100505-1245,"org.eclipse.jsch.core",1369389820194
started,bundle,org.eclipse.mylyn.bugzilla.core,3.4.2.v20100902-0100-e3x,"org.eclipse.mylyn.bugzilla.core",1369389820194
started,bundle,org.eclipse.mylyn.commons.net,3.4.1.v20100625-2100-e3x,"org.eclipse.mylyn.commons.net",1369389820194
started,bundle,org.eclipse.mylyn.commons.ui,3.4.0.v20100608-0100-e3x,"org.eclipse.mylyn.commons.ui",1369389820195
started,bundle,org.eclipse.mylyn.context.core,3.4.1.v20100909-0100-e3x,"org.eclipse.mylyn.context.core",1369389820195
started,bundle,org.eclipse.team.cvs.ssh2,3.2.300.I20100526-0800,"org.eclipse.team.cvs.ssh2",1369389820195
started,bundle,org.eclipse.ui.console,3.5.0.v20100526,"org.eclipse.ui.console",1369389820196
started,bundle,org.eclipse.ui.editors,3.6.1.r361_v20100825-0800,"org.eclipse.ui.editors",1369389820196
started,bundle,org.eclipse.ui.forms,3.5.2.r36_v20100702,"org.eclipse.ui.forms",1369389820196
started,bundle,org.eclipse.ui.navigator,3.5.0.I20100601-0800,"org.eclipse.ui.navigator",1369389820196
started,bundle,org.eclipse.ui.net,1.2.100.I20100505-1245,"org.eclipse.ui.net",1369389820197
started,bundle,org.eclipse.ui.workbench.texteditor,3.6.1.r361_v20100714-0800,"org.eclipse.ui.workbench.texteditor",1369389820197
started,bundle,org.eclipse.update.configurator,3.3.100.v20100512,"org.eclipse.update.configurator",1369389820197
started,bundle,org.eclipse.update.core,3.2.402.R36x_v20100629,"org.eclipse.update.core",1369389820198
started,bundle,org.eclipse.update.scheduler,3.2.300.v20100512,"org.eclipse.update.scheduler",1369389820198
started,bundle,org.eclipse.cdt.core,5.2.1.201102110609,"org.eclipse.cdt.core",1369389820198
started,bundle,org.eclipse.cdt.make.core,7.0.1.201102110609,"org.eclipse.cdt.make.core",1369389820199
started,bundle,org.eclipse.cdt.make.ui,7.0.0.201102110609,"org.eclipse.cdt.make.ui",1369389820199
started,bundle,org.eclipse.cdt.managedbuilder.core,7.0.2.201102110609,"org.eclipse.cdt.managedbuilder.core",1369389820200
started,bundle,org.eclipse.cdt.ui,5.2.2.201102110609,"org.eclipse.cdt.ui",1369389820201
started,bundle,org.eclipse.compare,3.5.101.R36x_v20100929-0800,"org.eclipse.compare",1369389820202
started,bundle,org.eclipse.compare.core,3.5.101.R36x_v20100929-0800,"org.eclipse.compare.core",1369389820202
started,bundle,org.eclipse.core.resources,3.6.1.R36x_v20110131-1630,"org.eclipse.core.resources",1369389820202
started,bundle,org.eclipse.epp.usagedata.gathering,1.3.1.R201102081640,"org.eclipse.epp.usagedata.gathering",1369389820203
started,bundle,org.eclipse.epp.usagedata.recording,1.3.1.R201102081640,"org.eclipse.epp.usagedata.recording",1369389820203
started,bundle,org.eclipse.equinox.p2.core,2.0.3.R36x_v20110111,"org.eclipse.equinox.p2.core",1369389820203
started,bundle,org.eclipse.equinox.p2.directorywatcher,1.0.203.R36x_v20101220,"org.eclipse.equinox.p2.directorywatcher",1369389820204
started,bundle,org.eclipse.equinox.p2.engine,2.0.1.R36x_v20110201,"org.eclipse.equinox.p2.engine",1369389820204
started,bundle,org.eclipse.equinox.p2.metadata,2.0.1.R36x_v20101202,"org.eclipse.equinox.p2.metadata",1369389820205
started,bundle,org.eclipse.equinox.p2.reconciler.dropins,1.1.2.R36x_v20110114,"org.eclipse.equinox.p2.reconciler.dropins",1369389820205
started,bundle,org.eclipse.equinox.p2.repository,2.0.2.R36x_v20110111-1500,"org.eclipse.equinox.p2.repository",1369389820205
started,bundle,org.eclipse.jface,3.6.2.M20110210-1200,"org.eclipse.jface",1369389820205
started,bundle,org.eclipse.ltk.core.refactoring,3.5.101.r362_v20101117-0800,"org.eclipse.ltk.core.refactoring",1369389820206
started,bundle,org.eclipse.mylyn.bugzilla.ui,3.4.3.v20110131-0100-e3x,"org.eclipse.mylyn.bugzilla.ui",1369389820206
started,bundle,org.eclipse.mylyn.context.ui,3.4.2.v20110131-0100-e3x,"org.eclipse.mylyn.context.ui",1369389820207
started,bundle,org.eclipse.mylyn.monitor.ui,3.4.1.v20110131-0100-e3x,"org.eclipse.mylyn.monitor.ui",1369389820207
started,bundle,org.eclipse.mylyn.tasks.ui,3.4.3.v20110131-0100-e3x,"org.eclipse.mylyn.tasks.ui",1369389820207
started,bundle,org.eclipse.mylyn.team.ui,3.4.3.v20110131-0100-e3x,"org.eclipse.mylyn.team.ui",1369389820208
started,bundle,org.eclipse.team.core,3.5.101.R36x_v20110203-1036,"org.eclipse.team.core",1369389820208
started,bundle,org.eclipse.team.cvs.core,3.3.301.R36x_v20110119-0815,"org.eclipse.team.cvs.core",1369389820208
started,bundle,org.eclipse.team.cvs.ui,3.3.302.R36x_v20110203-1036,"org.eclipse.team.cvs.ui",1369389820209
started,bundle,org.eclipse.team.ui,3.5.102.R36x_v20110203-1036,"org.eclipse.team.ui",1369389820209
started,bundle,org.eclipse.ui,3.6.2.M20110203-1100,"org.eclipse.ui",1369389820214
started,bundle,org.eclipse.ui.ide,3.6.2.M20101201-0800,"org.eclipse.ui.ide",1369389820215
started,bundle,org.eclipse.ui.navigator.resources,3.4.202.M20101124-0800,"org.eclipse.ui.navigator.resources",1369389820215
started,bundle,org.eclipse.ui.views,3.5.1.M20110202-0800,"org.eclipse.ui.views",1369389820216
started,bundle,org.eclipse.ui.workbench,3.6.2.M20110210-1200,"org.eclipse.ui.workbench",1369389820216
os,sysinfo,,,"linux",1369389820219
arch,sysinfo,,,"x86",1369389820219
ws,sysinfo,,,"gtk",1369389820219
locale,sysinfo,,,"en_US",1369389820219
processors,sysinfo,,,"2",1369389820219
java.runtime.name,sysinfo,,,"OpenJDK Runtime Environment",1369389820219
java.runtime.version,sysinfo,,,"1.6.0_27-b27",1369389820219
java.specification.name,sysinfo,,,"Java Platform API Specification",1369389820219
java.specification.vendor,sysinfo,,,"Sun Microsystems Inc.",1369389820219
java.specification.version,sysinfo,,,"1.6",1369389820219
java.vendor,sysinfo,,,"Sun Microsystems Inc.",1369389820219
java.version,sysinfo,,,"1.6.0_27",1369389820219
java.vm.info,sysinfo,,,"mixed mode, sharing",1369389820219
java.vm.name,sysinfo,,,"OpenJDK Client VM",1369389820219
java.vm.specification.name,sysinfo,,,"Java Virtual Machine Specification",1369389820219
java.vm.specification.vendor,sysinfo,,,"Sun Microsystems Inc.",1369389820219
java.vm.specification.version,sysinfo,,,"1.0",1369389820219
java.vm.vendor,sysinfo,,,"Sun Microsystems Inc.",1369389820219
java.vm.version,sysinfo,,,"20.0-b12",1369389820219
started,bundle,org.eclipse.search,3.6.0.v20100520-0800,"org.eclipse.search",1369389833979
opened,editor,org.eclipse.cdt.ui,5.2.2.201102110609,"org.eclipse.cdt.ui.editor.CEditor",1369389834433
started,bundle,org.eclipse.ltk.ui.refactoring,3.5.0.v20100526-0800,"org.eclipse.ltk.ui.refactoring",1369389834461
activated,editor,org.eclipse.cdt.ui,5.2.2.201102110609,"org.eclipse.cdt.ui.editor.CEditor",1369389834499
closed,editor,org.eclipse.ui.editors,3.6.1.r361_v20100825-0800,"org.eclipse.ui.DefaultTextEditor",1369389834501
activated,view,org.eclipse.ui.navigator.resources,3.4.202.M20101124-0800,"org.eclipse.ui.navigator.ProjectExplorer",1369389838596
deactivated,workbench,org.eclipse.ui.workbench,3.6.2.M20110210-1200,"",1369389849148
executed,command,org.eclipse.ui.ide,3.6.2.M20101201-0800,"org.eclipse.ui.project.cleanAction",1369389855495
activated,workbench,org.eclipse.ui.workbench,3.6.2.M20110210-1200,"",1369389855521
opened,view,org.eclipse.ui.console,3.5.0.v20100526,"org.eclipse.ui.console.ConsoleView",1369389855992
deactivated,workbench,org.eclipse.ui.workbench,3.6.2.M20110210-1200,"",1369389856142
started,bundle,org.eclipse.mylyn.wikitext.ui,1.3.0.v20100608-0100-e3x,"org.eclipse.mylyn.wikitext.ui",1369389863989
started,bundle,org.eclipse.cdt.managedbuilder.gnu.ui,7.0.0.201102110609,"org.eclipse.cdt.managedbuilder.gnu.ui",1369389864629
activated,workbench,org.eclipse.ui.workbench,3.6.2.M20110210-1200,"",1369389864968
deactivated,workbench,org.eclipse.ui.workbench,3.6.2.M20110210-1200,"",1369389865111
started,bundle,org.eclipse.mylyn.wikitext.core,1.3.1.v20100823-0100-e3x,"org.eclipse.mylyn.wikitext.core",1369389878822
activated,workbench,org.eclipse.ui.workbench,3.6.2.M20110210-1200,"",1369389880925
deactivated,workbench,org.eclipse.ui.workbench,3.6.2.M20110210-1200,"",1369389890356
activated,workbench,org.eclipse.ui.workbench,3.6.2.M20110210-1200,"",1369389901196
executed,command,org.eclipse.team.cvs.ui,3.3.302.R36x_v20110203-1036,"org.eclipse.team.cvs.ui.sync",1369389909610
started,bundle,org.eclipse.jsch.ui,1.1.300.I20100505-1245,"org.eclipse.jsch.ui",1369389910151
opened,view,org.eclipse.team.ui,3.5.102.R36x_v20110203-1036,"org.eclipse.team.sync.views.SynchronizeView",1369389910531
activated,view,org.eclipse.team.ui,3.5.102.R36x_v20110203-1036,"org.eclipse.team.sync.views.SynchronizeView",1369389910565
deactivated,workbench,org.eclipse.ui.workbench,3.6.2.M20110210-1200,"",1369389910672
activated,workbench,org.eclipse.ui.workbench,3.6.2.M20110210-1200,"",1369389925500
deactivated,workbench,org.eclipse.ui.workbench,3.6.2.M20110210-1200,"",1369389948082
started,bundle,org.eclipse.cdt.mylyn.ui,1.1.4.v20110204-0100-e3x,"org.eclipse.cdt.mylyn.ui",1369389950312
closed,workbench,org.eclipse.ui.workbench,3.6.2.M20110210-1200,"",1369389950358
stopped,bundle,org.eclipse.epp.mpc.ui,1.0.1.v20100826-2143,"org.eclipse.epp.mpc.ui",1369389950861
stopped,bundle,org.eclipse.equinox.p2.ui.sdk,1.0.100.v20100513,"org.eclipse.equinox.p2.ui.sdk",1369389950863
stopped,bundle,org.eclipse.equinox.p2.ui.sdk.scheduler,1.0.0.v20100507-1815,"org.eclipse.equinox.p2.ui.sdk.scheduler",1369389950865
stopped,bundle,org.eclipse.equinox.p2.ui,2.0.0.v20100518,"org.eclipse.equinox.p2.ui",1369389950866
stopped,bundle,org.eclipse.equinox.security.ui,1.0.200.v20100503,"org.eclipse.equinox.security.ui",1369389950868
stopped,bundle,org.eclipse.jsch.ui,1.1.300.I20100505-1245,"org.eclipse.jsch.ui",1369389950869
stopped,bundle,org.eclipse.cdt.debug.ui.memory.search,1.2.0.201102110609,"org.eclipse.cdt.debug.ui.memory.search",1369389950871
stopped,bundle,org.eclipse.cdt.debug.ui.memory.traditional,1.2.0.201102110609,"org.eclipse.cdt.debug.ui.memory.traditional",1369389950872
stopped,bundle,org.eclipse.cdt.debug.mi.ui,6.1.0.201102110609,"org.eclipse.cdt.debug.mi.ui",1369389950872
stopped,bundle,org.eclipse.cdt.debug.ui.memory.memorybrowser,1.2.1.201102110609,"org.eclipse.cdt.debug.ui.memory.memorybrowser",1369389950873
stopped,bundle,org.eclipse.cdt.dsf.gdb.ui,2.1.0.201102110609,"org.eclipse.cdt.dsf.gdb.ui",1369389950875
stopped,bundle,org.eclipse.cdt.dsf.ui,2.1.2.201102110609,"org.eclipse.cdt.dsf.ui",1369389950876
stopped,bundle,org.eclipse.cdt.gdb.ui,7.0.0.201102110609,"org.eclipse.cdt.gdb.ui",1369389950876
stopped,bundle,org.eclipse.cdt.dsf.gdb,3.0.0.201102110609,"org.eclipse.cdt.dsf.gdb",1369389950877
stopped,bundle,org.eclipse.cdt.launch,6.1.0.201102110609,"org.eclipse.cdt.launch",1369389950877
stopped,bundle,org.eclipse.cdt.debug.ui,7.0.0.201102110609,"org.eclipse.cdt.debug.ui",1369389950877
stopped,bundle,org.eclipse.cdt.managedbuilder.ui,7.0.0.201102110609,"org.eclipse.cdt.managedbuilder.ui",1369389950878
stopped,bundle,org.eclipse.cdt.make.ui,7.0.0.201102110609,"org.eclipse.cdt.make.ui",1369389950885
stopped,bundle,org.eclipse.cdt.mylyn.ui,1.1.4.v20110204-0100-e3x,"org.eclipse.cdt.mylyn.ui",1369389950885
stopped,bundle,org.eclipse.cdt.ui,5.2.2.201102110609,"org.eclipse.cdt.ui",1369389950885
stopped,bundle,org.eclipse.search,3.6.0.v20100520-0800,"org.eclipse.search",1369389950885
stopped,bundle,org.eclipse.mylyn.team.ui,3.4.3.v20110131-0100-e3x,"org.eclipse.mylyn.team.ui",1369389950885
stopped,bundle,org.eclipse.ui.navigator.resources,3.4.202.M20101124-0800,"org.eclipse.ui.navigator.resources",1369389950885
stopped,bundle,org.eclipse.ltk.ui.refactoring,3.5.0.v20100526-0800,"org.eclipse.ltk.ui.refactoring",1369389950885
stopped,bundle,org.eclipse.mylyn.ide.ui,3.4.0.v20100608-0100-e3x,"org.eclipse.mylyn.ide.ui",1369389950886
stopped,bundle,org.eclipse.mylyn.resources.ui,3.4.1.v20100909-0100-e3x,"org.eclipse.mylyn.resources.ui",1369389950887
stopped,bundle,org.eclipse.mylyn.tasks.bugs,3.4.1.v20100823-0100-e3x,"org.eclipse.mylyn.tasks.bugs",1369389950888
